pivot_id,area_ha,season,aeti_mm,npp_gC_m2,pcp_mm,is_active,biomass_dry_kg_ha,water_consumed_m3_ha,cwp,niwr_mm,demand_vol_m3,abstraction_vol_m3
0,65.0148518,2021/22,0,0,0.72,0,0,0,,0,0,0
1,50.3416763,2021/22,0,0,0.72,0,0,0,,0,0,0
2,64.11495942,2021/22,0,0,0.72,0,0,0,,0,0,0
3,65.16100291,2021/22,0,0,0.419973154,0,0,0,,0,0,0
4,52.90348001,2021/22,0,0,0.4,0,0,0,,0,0,0
5,65.26255794,2021/22,0,0,0.4,0,0,0,,0,0,0
6,38.30149519,2021/22,0,0,0.4,0,0,0,,0,0,0
7,37.36954717,2021/22,0,0,0.4,0,0,0,,0,0,0
8,50.94012546,2021/22,0,0,0.410304613,0,0,0,,0,0,0
9,64.41507513,2021/22,0,0,0.4,0,0,0,,0,0,0
10,65.88292586,2021/22,0,0,0.4,0,0,0,,0,0,0
11,51.88836591,2021/22,0,0,0.4,0,0,0,,0,0,0
12,64.66598902,2021/22,0,0,0.4,0,0,0,,0,0,0
13,66.45888558,2021/22,0,0,0.4,0,0,0,,0,0,0
14,65.74872025,2021/22,0,0,0.4,0,0,0,,0,0,0
15,38.06014169,2021/22,0,0,0.4,0,0,0,,0,0,0
16,63.9587681,2021/22,0,0,0.640657534,0,0,0,,0,0,0
17,62.79966413,2021/22,0,0,0.4,0,0,0,,0,0,0
18,49.18683288,2021/22,0,0,0.4,0,0,0,,0,0,0
19,63.77669291,2021/22,0,0,0.4,0,0,0,,0,0,0
20,62.60891416,2021/22,0,0,0.555182073,0,0,0,,0,0,0
21,62.28617812,2021/22,0,0,0.6,0,0,0,,0,0,0
22,63.45488099,2021/22,0,0,0.535079256,0,0,0,,0,0,0
23,63.3432119,2021/22,0,0,0.456767956,0,0,0,,0,0,0
24,64.40515818,2021/22,0,0,0.4,0,0,0,,0,0,0
25,34.75627068,2021/22,0,0,0.611212516,0,0,0,,0,0,0
26,37.34794249,2021/22,0,0,0.7,0,0,0,,0,0,0
27,61.58773031,2021/22,0,0,0.443865906,0,0,0,,0,0,0
28,18.84882855,2021/22,0,0,0.7,0,0,0,,0,0,0
29,62.64923786,2021/22,0,0,0.6,0,0,0,,0,0,0
30,62.56869146,2021/22,0,0,0.6,0,0,0,,0,0,0
31,64.27068133,2021/22,0,0,0.596940857,0,0,0,,0,0,0
32,50.21280856,2021/22,0,0,0.5,0,0,0,,0,0,0
33,64.83375202,2021/22,0,0,0.580782198,0,0,0,,0,0,0
34,63.99901747,2021/22,0,0,0.7,0,0,0,,0,0,0
35,49.85596123,2021/22,357.1768683,246.1605133,0.7,1,5464.763396,3571.768683,1.529988048,356.6168683,177794.7676,209170.3149
36,50.41790664,2021/22,0,0,0.7,0,0,0,,0,0,0
37,50.45592597,2021/22,0,0,0.7,0,0,0,,0,0,0
38,49.53557934,2021/22,353.7743268,384.2425287,0.7,1,8530.184138,3537.743268,2.41119366,353.2143268,174966.7631,205843.2507
39,49.05310036,2021/22,0,0,0.7,0,0,0,,0,0,0
40,47.55674987,2021/22,0,0,0.601310861,0,0,0,,0,0,0
41,64.04012793,2021/22,0,0,0.5,0,0,0,,0,0,0
42,35.17081223,2021/22,0,0,0.5,0,0,0,,0,0,0
43,64.40459258,2021/22,350.57774,346.6649095,0.5,1,7695.96099,3505.7774,2.195222375,350.17774,225530.5467,265330.055
44,60.70273094,2021/22,0,0,0.6,0,0,0,,0,0,0
45,49.73307878,2021/22,0,0,0.6,0,0,0,,0,0,0
46,49.245055,2021/22,393.2897738,399.928819,0.6,1,8878.419782,3932.897738,2.257475372,392.8097738,193439.3891,227575.7519
47,36.27660184,2021/22,0,0,0.6,0,0,0,,0,0,0
48,62.870891,2021/22,380.4793296,381.8114197,0.6,1,8476.213517,3804.793296,2.227772406,379.9993296,238908.9643,281069.3698
49,64.49604488,2021/22,401.2269648,392.7602852,0.6,1,8719.278332,4012.269648,2.173153626,400.7469648,258465.9423,304077.5791
50,63.64931877,2021/22,0,0,0.510089224,0,0,0,,0,0,0
51,64.19820521,2021/22,0,0,0.5,0,0,0,,0,0,0
52,19.79095715,2021/22,0,0,0.5,0,0,0,,0,0,0
53,64.36478544,2021/22,0,0,0.5,0,0,0,,0,0,0
54,63.86079285,2021/22,0,0,0.5,0,0,0,,0,0,0
55,61.76188684,2021/22,0,0,0.5,0,0,0,,0,0,0
56,64.30923392,2021/22,352.9840491,358.2492052,0.5,1,7953.132355,3529.840491,2.253113809,352.5840491,226744.1009,266757.7657
57,47.45306591,2021/22,0,0,0.7,0,0,0,,0,0,0
58,34.87869821,2021/22,0,0,0.5,0,0,0,,0,0,0
59,50.79479782,2021/22,0,0,0.5,0,0,0,,0,0,0
60,49.4180298,2021/22,0,0,0.5,0,0,0,,0,0,0
61,62.23620892,2021/22,320.2234507,316.3925127,0.5,1,7023.913781,3202.234507,2.193441413,319.8234507,199045.991,234171.7541
62,63.62685226,2021/22,372.8649171,370.3766008,0.5,1,8222.360538,3728.649171,2.205184816,372.4649171,236987.7025,278809.0618
63,64.59855014,2021/22,0,0,0.5,0,0,0,,0,0,0
64,67.17748642,2021/22,0,0,0.5,0,0,0,,0,0,0
65,60.02513068,2021/22,0,0,0.5,0,0,0,,0,0,0
66,62.90733362,2021/22,0,0,0.535244755,0,0,0,,0,0,0
67,48.87320748,2021/22,0,0,0.5,0,0,0,,0,0,0
68,62.6458772,2021/22,0,0,0.5,0,0,0,,0,0,0
69,36.28872591,2021/22,0,0,0.451677019,0,0,0,,0,0,0
70,49.27115811,2021/22,0,0,0.468925023,0,0,0,,0,0,0
71,61.23499562,2021/22,0,0,0.498636037,0,0,0,,0,0,0
72,63.05429795,2021/22,0,0,0.5,0,0,0,,0,0,0
73,35.8829039,2021/22,0,0,0.433709273,0,0,0,,0,0,0
74,64.26597942,2021/22,0,0,0.4,0,0,0,,0,0,0
75,64.53642991,2021/22,0,0,0.371690428,0,0,0,,0,0,0
76,61.37977771,2021/22,0,0,0.3,0,0,0,,0,0,0
77,37.52571147,2021/22,354.5846154,350.2940865,0.3,1,7776.528721,3545.846154,2.193137656,354.3446154,132970.338,156435.6917
78,35.95299998,2021/22,242.4471627,264.3096267,0.3,1,5867.673713,2424.471627,2.420186588,242.2071627,87080.74115,102447.9308
79,49.18550887,2021/22,279.9336339,274.2264878,0.3,1,6087.82803,2799.336339,2.174739757,279.6936339,137568.7371,161845.5731
80,62.03233184,2021/22,305.1723796,294.7588987,0.3,1,6543.647552,3051.723796,2.144246331,304.9323796,189156.6656,222537.2536
81,61.02630943,2021/22,0,0,0.5,0,0,0,,0,0,0
82,64.2145049,2021/22,0,0,0.42443686,0,0,0,,0,0,0
83,36.91685806,2021/22,0,0,0.452380952,0,0,0,,0,0,0
84,64.94270536,2021/22,0,0,0.4,0,0,0,,0,0,0
85,65.13599986,2021/22,0,0,0.4,0,0,0,,0,0,0
86,35.87204308,2021/22,0,0,0.4,0,0,0,,0,0,0
87,62.99438139,2021/22,0,0,0.4,0,0,0,,0,0,0
88,63.09364339,2021/22,0,0,0.4,0,0,0,,0,0,0
89,62.41568549,2021/22,498.1729881,557.013972,0.3,1,12365.71018,4981.729881,2.482212098,497.9329881,310788.2878,365633.2798
90,62.54465096,2021/22,552.7986014,625.7106937,0.3,1,13890.7774,5527.986014,2.512809795,552.5586014,345595.8486,406583.3513
91,34.60250047,2021/22,348.7150327,347.4696013,0.3,1,7713.825149,3487.150327,2.212071298,348.4750327,120581.0748,141860.088
92,64.73269752,2021/22,313.2901285,307.0563536,0.3,1,6816.65105,3132.901285,2.175826951,313.0501285,202645.7927,238406.815
93,62.25829852,2021/22,0,0,0.3,0,0,0,,0,0,0
94,49.01983643,2021/22,0,0,0.4,0,0,0,,0,0,0
95,61.89938544,2021/22,0,0,0.3,0,0,0,,0,0,0
96,33.91509447,2021/22,0,0,0.3,0,0,0,,0,0,0
97,63.44847688,2021/22,477.053168,544.6918664,0.3,1,12092.15943,4770.53168,2.534761373,476.813168,302530.6927,355918.462
98,63.839698,2021/22,338.832761,332.3715206,0.3,1,7378.647757,3388.32761,2.177666568,338.592761,216156.5961,254301.8777
99,60.19458995,2021/22,572.6009496,664.2178437,0.3,1,14745.63613,5726.009496,2.575202877,572.3609496,344530.3267,405329.7961
100,49.71905566,2021/22,0,0,0.4,0,0,0,,0,0,0
101,63.61366927,2021/22,0,0,0.4,0,0,0,,0,0,0
102,35.93250446,2021/22,0,0,0.4,0,0,0,,0,0,0
103,37.07810111,2021/22,0,0,0.4,0,0,0,,0,0,0
104,64.61613574,2021/22,0,0,0.4,0,0,0,,0,0,0
105,62.39247269,2021/22,0,0,0.4,0,0,0,,0,0,0
106,64.89027087,2021/22,0,0,0.4,0,0,0,,0,0,0
107,64.32815624,2021/22,0,0,0.4,0,0,0,,0,0,0
108,36.65693609,2021/22,0,0,0.4,0,0,0,,0,0,0
109,36.27181097,2021/22,0,0,0.4,0,0,0,,0,0,0
110,64.41364628,2021/22,0,0,0.4,0,0,0,,0,0,0
111,35.88828365,2021/22,0,0,0.4,0,0,0,,0,0,0
112,50.73460601,2021/22,0,0,0.4,0,0,0,,0,0,0
113,64.88182917,2021/22,0,0,0.4,0,0,0,,0,0,0
114,63.32738244,2021/22,0,0,0.4,0,0,0,,0,0,0
115,64.93592878,2021/22,0,0,0.4,0,0,0,,0,0,0
116,66.85106456,2021/22,0,0,0.4,0,0,0,,0,0,0
117,38.06870885,2021/22,0,0,0.4,0,0,0,,0,0,0
118,36.93264309,2021/22,0,0,0.4,0,0,0,,0,0,0
119,60.2556396,2021/22,367.5483589,411.7159365,0.4,1,9140.093791,3675.483589,2.48677312,367.2283589,221275.7964,260324.4664
120,61.14569502,2021/22,405.0666189,420.5688926,0.328295129,1,9336.629415,4050.666189,2.30496145,404.8039828,247520.2088,291200.2456
121,63.87730664,2021/22,533.5167923,648.9074023,0.4,1,14405.74433,5335.167923,2.70014825,533.1967923,340591.75,400696.1765
122,47.41605965,2021/22,0,0,0.4,0,0,0,,0,0,0
123,36.73467988,2021/22,0,0,0.355363748,0,0,0,,0,0,0
124,49.37404301,2021/22,0,0,0.4,0,0,0,,0,0,0
125,65.04043536,2021/22,0,0,0.3,0,0,0,,0,0,0
126,64.07452716,2021/22,0,0,0.305051195,0,0,0,,0,0,0
127,60.96759414,2021/22,0,0,0.347270115,0,0,0,,0,0,0
128,60.96048645,2021/22,502.2185612,609.9552971,0.3,1,13541.0076,5022.185612,2.696237982,501.9785612,306008.5728,360010.0856
129,59.94254528,2021/22,601.757122,751.0012359,0.3,1,16672.22744,6017.57122,2.770590796,601.517122,360564.6732,424193.7332
130,59.48194454,2021/22,416.511399,430.8253005,0.4,1,9564.321672,4165.11399,2.296292897,416.191399,247558.7371,291245.5731
131,59.15535173,2021/22,586.2068554,685.1465231,0.306408346,1,15210.25281,5862.068554,2.594690368,585.9617288,346627.7217,407797.3196
132,63.59505436,2021/22,578.4415289,663.8869256,0.385674931,1,14738.28975,5784.415289,2.547930778,578.132989,367663.9886,432545.869
133,58.98463711,2021/22,571.3868755,660.2355541,0.307084265,1,14657.2293,5713.868755,2.565202305,571.1412081,336885.569,396335.9635
134,59.567435,2021/22,419.5192194,388.3880125,0.4,1,8622.213878,4195.192194,2.055260755,419.1992194,249706.2226,293772.0265
135,60.71689993,2021/22,0,0,0.4,0,0,0,,0,0,0
136,63.96653595,2021/22,0,0,0.3,0,0,0,,0,0,0
137,36.94882279,2021/22,424.2155447,445.7140747,0.3,1,9894.852458,4242.155447,2.332505864,423.9755447,156653.9727,184298.7914
138,64.52079367,2021/22,294.8586957,283.0562065,0.4,1,6283.847785,2948.586957,2.131138704,294.5386957,190038.7041,223574.946
139,63.99256844,2021/22,579.1773973,672.3880548,0.4,1,14927.01482,5791.773973,2.577278548,578.8573973,370425.7161,435794.9601
140,64.49361505,2021/22,0,0,0.4,0,0,0,,0,0,0
141,64.38440821,2021/22,573.7821526,656.0021253,0.4,1,14563.24718,5737.821526,2.538114355,573.4621526,369220.2132,434376.7215
142,63.787403,2021/22,609.4998629,701.3014229,0.397806717,1,15568.89159,6094.998629,2.554371631,609.1816175,388581.1334,457154.2746
143,64.35940624,2021/22,577.4708645,720.9809653,0.294622192,1,16005.77743,5774.708645,2.771703026,577.2351668,371505.126,437064.8541
144,63.68650722,2021/22,421.1412698,451.5365445,0.3,1,10024.11129,4211.412698,2.380225356,420.9012698,268057.3176,315361.5501
145,63.82309015,2021/22,470.5968407,512.2642891,0.3,1,11372.26722,4705.968407,2.416562594,470.3568407,300196.2704,353172.0828
146,37.01118564,2021/22,570.7764921,656.1421413,0.3,1,14566.35554,5707.764921,2.552024433,570.5364921,211162.3202,248426.2591
147,50.03259431,2021/22,424.0240071,454.2505084,0.3,1,10084.36129,4240.240071,2.378252438,423.7840071,212030.133,249447.2153
148,65.76291244,2021/22,490.0091816,518.8487578,0.3,1,11518.44242,4900.091816,2.350658489,489.7691816,322086.4781,378925.2684
149,48.71151107,2021/22,649.8193989,818.1823752,0.3,1,18163.64873,6498.193989,2.795184133,649.5793989,316419.9408,372258.7539
150,35.46312705,2021/22,436.1594388,457.2592194,0.3,1,10151.15467,4361.594388,2.32739539,435.9194388,154590.6644,181871.3699
151,37.18774901,2021/22,620.0409697,807.7000533,0.3,1,17930.94118,6200.409697,2.891896191,619.8009697,230490.029,271164.74
152,37.48554554,2021/22,0,0,0.4,0,0,0,,0,0,0
153,63.47522854,2021/22,0,0,0.4,0,0,0,,0,0,0
154,64.72715306,2021/22,0,0,0.4,0,0,0,,0,0,0
155,63.03274447,2021/22,0,0,0.4,0,0,0,,0,0,0
156,38.07667514,2021/22,0,0,0.4,0,0,0,,0,0,0
157,50.01757579,2021/22,0,0,0.4,0,0,0,,0,0,0
158,25.16577689,2021/22,0,0,0.4,0,0,0,,0,0,0
159,50.24391393,2021/22,0,0,0.4,0,0,0,,0,0,0
160,37.16852129,2021/22,660.1614268,837.7724341,0.3,1,18598.54804,6601.614268,2.817272758,659.9214268,245283.036,288568.2777
161,46.13155391,2021/22,0,0,0.338921002,0,0,0,,0,0,0
162,47.7325274,2021/22,0,0,0.4,0,0,0,,0,0,0
163,37.36482063,2021/22,0,0,0.355060241,0,0,0,,0,0,0
164,45.04159687,2021/22,0,0,0.4,0,0,0,,0,0,0
165,48.7951395,2021/22,0,0,0.4,0,0,0,,0,0,0
0,65.0148518,2022/23,0,0,0.1,0,0,0,,0,0,0
1,50.3416763,2022/23,0,0,0.1,0,0,0,,0,0,0
2,64.11495942,2022/23,0,0,0.1,0,0,0,,0,0,0
3,65.16100291,2022/23,0,0,0.1,0,0,0,,0,0,0
4,52.90348001,2022/23,379.9868509,281.8070193,0.1,1,6256.115828,3799.868509,1.646403241,379.9068509,200983.9449,236451.6999
5,65.26255794,2022/23,0,0,0.1,0,0,0,,0,0,0
6,38.30149519,2022/23,0,0,0.1,0,0,0,,0,0,0
7,37.36954717,2022/23,0,0,0.1,0,0,0,,0,0,0
8,50.94012546,2022/23,0,0,0.1,0,0,0,,0,0,0
9,64.41507513,2022/23,413.6949014,320.3397437,0.1,1,7111.54231,4136.949014,1.719030688,413.6149014,266430.3495,313447.47
10,65.88292586,2022/23,0,0,0.1,0,0,0,,0,0,0
11,51.88836591,2022/23,0,0,0.1,0,0,0,,0,0,0
12,64.66598902,2022/23,0,0,0.1,0,0,0,,0,0,0
13,66.45888558,2022/23,0,0,0.1,0,0,0,,0,0,0
14,65.74872025,2022/23,396.1326693,311.1995133,0.1,1,6908.629195,3961.326693,1.744019045,396.0526693,260399.5616,306352.4254
15,38.06014169,2022/23,390.122209,294.5,0.1,1,6537.9,3901.22209,1.675859474,390.042209,148450.6174,174647.7852
16,63.9587681,2022/23,0,0,0.1,0,0,0,,0,0,0
17,62.79966413,2022/23,0,0,0.1,0,0,0,,0,0,0
18,49.18683288,2022/23,0,0,0.1,0,0,0,,0,0,0
19,63.77669291,2022/23,369.6288264,260.4603301,0.1,1,5782.219329,3696.288264,1.564331274,369.5488264,235686.0202,277277.6708
20,62.60891416,2022/23,0,0,0.1,0,0,0,,0,0,0
21,62.28617812,2022/23,0,0,0.1,0,0,0,,0,0,0
22,63.45488099,2022/23,0,0,0.1,0,0,0,,0,0,0
23,63.3432119,2022/23,409.6100138,301.3029157,0.1,1,6688.92473,4096.100138,1.632998341,409.5300138,259409.4644,305187.6052
24,64.40515818,2022/23,378.4480978,262.6162615,0.1,1,5830.081006,3784.480978,1.540523269,378.3680978,243688.5719,286692.4375
25,34.75627068,2022/23,0,0,0.1,0,0,0,,0,0,0
26,37.34794249,2022/23,0,0,0.1,0,0,0,,0,0,0
27,61.58773031,2022/23,400.3409415,288.6527917,0.1,1,6408.091976,4003.409415,1.600658667,400.2609415,246511.6292,290013.6814
28,18.84882855,2022/23,370.7109137,251.6811548,0.1,1,5587.321637,3707.109137,1.50719103,370.6309137,69859.58548,82187.74762
29,62.64923786,2022/23,0,0,0.1,0,0,0,,0,0,0
30,62.56869146,2022/23,402.8008403,309.1619118,0.1,1,6863.394441,4028.008403,1.703917607,402.7208403,251977.16,296443.7177
31,64.27068133,2022/23,411.6267165,295.9901033,0.1,1,6570.980294,4116.267165,1.596344462,411.5467165,264503.8787,311181.0338
32,50.21280856,2022/23,0,0,0.1,0,0,0,,0,0,0
33,64.83375202,2022/23,0,0,0.1,0,0,0,,0,0,0
34,63.99901747,2022/23,0,0,0.1,0,0,0,,0,0,0
35,49.85596123,2022/23,322.1191281,253.4546299,0.1,1,5626.692784,3221.191281,1.746773877,322.0391281,160555.7029,188889.0622
36,50.41790664,2022/23,0,0,0.1,0,0,0,,0,0,0
37,50.45592597,2022/23,0,0,0.1,0,0,0,,0,0,0
38,49.53557934,2022/23,0,0,0.1,0,0,0,,0,0,0
39,49.05310036,2022/23,281.3322262,199.9218151,0.1,1,4438.264295,2813.322262,1.577588304,281.2522262,137962.9368,162309.3374
40,47.55674987,2022/23,324.3124532,234.9390197,0.1,1,5215.646237,3243.124532,1.608216455,324.2324532,154194.4167,181405.1962
41,64.04012793,2022/23,387.6293917,270.0985496,0.1,1,5996.1878,3876.293917,1.546886776,387.5493917,248187.1262,291984.8544
42,35.17081223,2022/23,0,0,0.1,0,0,0,,0,0,0
43,64.40459258,2022/23,0,0,0.1,0,0,0,,0,0,0
44,60.70273094,2022/23,0,0,0.1,0,0,0,,0,0,0
45,49.73307878,2022/23,436.7684164,340.3441032,0.1,1,7555.639091,4367.684164,1.729895938,436.6884164,217178.5941,255504.2284
46,49.245055,2022/23,438.0255204,515.1014317,0.1,1,11435.25178,4380.255204,2.610635968,437.9455204,215666.5124,253725.3087
47,36.27660184,2022/23,461.6416049,360.5513951,0.1,1,8004.24097,4616.416049,1.733864731,461.5616049,167438.8657,196986.9008
48,62.870891,2022/23,479.0768855,568.8820824,0.1,1,12629.18223,4790.768855,2.636149356,478.9968855,301149.6098,354293.6586
49,64.49604488,2022/23,455.8012195,529.4454553,0.1,1,11753.68911,4558.012195,2.578687508,455.7212195,293922.1623,345790.7791
50,63.64931877,2022/23,429.118394,330.945267,0.1,1,7346.984927,4291.18394,1.712111396,429.038394,273080.015,321270.6059
51,64.19820521,2022/23,0,0,0.1,0,0,0,,0,0,0
52,19.79095715,2022/23,414.6292857,320.8398881,0.1,1,7122.645516,4146.292857,1.717834644,414.5492857,82043.27149,96521.49587
53,64.36478544,2022/23,295.5275323,187.2199436,0.1,1,4156.282747,2955.275323,1.406394428,295.4475323,190164.1702,223722.5532
54,63.86079285,2022/23,0,0,0.1,0,0,0,,0,0,0
55,61.76188684,2022/23,354.4418621,241.9943397,0.1,1,5372.274342,3544.418621,1.515699729,354.3618621,218860.5723,257483.0262
56,64.30923392,2022/23,350.2680982,392.2665719,0.1,1,8708.317897,3502.680982,2.486186422,350.1880982,225203.2832,264945.0391
57,47.45306591,2022/23,303.1374053,216.32209,0.1,1,4802.350397,3031.374053,1.58421571,303.0574053,143810.0303,169188.2709
58,34.87869821,2022/23,341.9797419,255.0615406,0.1,1,5662.366202,3419.797419,1.65576071,341.8997419,119250.1792,140294.3284
59,50.79479782,2022/23,317.3441434,230.6176294,0.1,1,5119.711372,3173.441434,1.613299467,317.2641434,161153.6802,189592.5649
60,49.4180298,2022/23,352.9547085,237.1792143,0.1,1,5265.378559,3529.547085,1.491800061,352.8747085,174383.7286,205157.3278
61,62.23620892,2022/23,346.2462676,356.5222437,0.1,1,7914.793809,3462.462676,2.285885669,346.1662676,215440.7615,253459.7194
62,63.62685226,2022/23,0,0,0.1,0,0,0,,0,0,0
63,64.59855014,2022/23,363.9860811,250.815477,0.1,1,5568.10359,3639.860811,1.529757285,363.9060811,235078.0523,276562.4144
64,67.17748642,2022/23,372.4804418,251.4209019,0.1,1,5581.544022,3724.804418,1.498479758,372.4004418,250169.2562,294316.7721
65,60.02513068,2022/23,0,0,0.1,0,0,0,,0,0,0
66,62.90733362,2022/23,0,0,0.1,0,0,0,,0,0,0
67,48.87320748,2022/23,401.9260909,283.6087264,0.1,1,6296.113725,4019.260909,1.566485448,401.8460909,196395.0738,231053.028
68,62.6458772,2022/23,385.2255066,268.4872187,0.1,1,5960.416256,3852.255066,1.547253791,385.1455066,241277.7811,283856.2131
69,36.28872591,2022/23,437.0318012,567.9516733,0.1,1,12608.52715,4370.318012,2.885036538,436.9518012,158564.2415,186546.1665
70,49.27115811,2022/23,425.8003613,302.7681942,0.1,1,6721.453912,4258.003613,1.578545845,425.7203613,209757.3524,246773.3557
71,61.23499562,2022/23,459.7137114,355.7466202,0.1,1,7897.574969,4597.137114,1.717933308,459.6337114,281456.683,331125.5095
72,63.05429795,2022/23,279.5961911,177.7805111,0.1,1,3946.727346,2795.961911,1.411581227,279.5161911,176246.972,207349.3788
73,35.8829039,2022/23,391.6462406,271.0845376,0.1,1,6018.076735,3916.462406,1.536610367,391.5662406,140505.3378,165300.3974
74,64.26597942,2022/23,402.3111793,286.1721561,0.1,1,6353.021865,4023.111793,1.579131327,402.2311793,258497.8069,304115.067
75,64.53642991,2022/23,330.8900883,431.0005336,0.1,1,9568.211846,3308.900883,2.891658646,330.8100883,213493.0207,251168.2597
76,61.37977771,2022/23,0,0,0.1,0,0,0,,0,0,0
77,37.52571147,2022/23,383.0989183,469.579726,0.1,1,10424.66992,3830.989183,2.721143135,383.0189183,143730.5741,169094.7931
78,35.95299998,2022/23,303.8081967,406.2558436,0.1,1,9018.879729,3038.081967,2.968609743,303.7281967,109199.3985,128469.8806
79,49.18550887,2022/23,325.2675383,428.1405365,0.1,1,9504.719911,3252.675383,2.922123726,325.1875383,159945.1455,188170.7594
80,62.03233184,2022/23,345.6623938,452.5189582,0.1,1,10045.92087,3456.623938,2.906281115,345.5823938,214372.8173,252203.3144
81,61.02630943,2022/23,382.2023758,268.5234888,0.1,1,5961.221452,3822.023758,1.559702877,382.1223758,233195.1835,274347.2746
82,64.2145049,2022/23,0,0,0.1,0,0,0,,0,0,0
83,36.91685806,2022/23,398.2079365,284.9490549,0.1,1,6325.86902,3982.079365,1.588584365,398.1279365,146976.3252,172913.3238
84,64.94270536,2022/23,401.5132975,284.1500087,0.1,1,6308.130194,4015.132975,1.571088737,401.4332975,260701.6436,306707.816
85,65.13599986,2022/23,387.1351478,269.956422,0.1,1,5993.032569,3871.351478,1.54804662,387.0551478,252112.2406,296602.636
86,35.87204308,2022/23,381.4526976,266.2716951,0.1,1,5911.231631,3814.526976,1.549663082,381.3726976,136806.1784,160948.4451
87,62.99438139,2022/23,370.8354906,253.0915045,0.1,1,5618.6314,3708.354906,1.515127743,370.7554906,233555.1278,274770.7385
88,63.09364339,2022/23,370.0446453,254.7121926,0.1,1,5654.610676,3700.446453,1.528088772,369.9646453,233424.174,274616.6753
89,62.41568549,2022/23,277.3927922,367.2014836,0.1,1,8151.872935,2773.927922,2.938747208,277.3127922,173086.6802,203631.3885
90,62.54465096,2022/23,0,0,0.1,0,0,0,,0,0,0
91,34.60250047,2022/23,291.4726797,381.3341634,0.1,1,8465.618427,2914.726797,2.904429477,291.3926797,100829.1534,118622.5334
92,64.73269752,2022/23,0,0,0.1,0,0,0,,0,0,0
93,62.25829852,2022/23,410.3146273,524.3608347,0.1,1,11640.81053,4103.146273,2.837044979,410.2346273,255405.0989,300476.5869
94,49.01983643,2022/23,367.4729412,292.679571,0.1,1,6497.486477,3674.729412,1.768153719,367.3929412,180095.4188,211876.9633
95,61.89938544,2022/23,353.6887473,281.8799144,0.1,1,6257.734099,3536.887473,1.769277125,353.6087473,218881.6415,257507.8135
96,33.91509447,2022/23,330.752139,423.2087941,0.1,1,9395.235229,3307.52139,2.840566733,330.672139,112147.7684,131938.551
97,63.44847688,2022/23,302.757989,397.6400248,0.1,1,8827.60855,3027.57989,2.915731004,302.677989,192044.5739,225934.7928
98,63.839698,2022/23,369.0271291,475.3978688,0.1,1,10553.83269,3690.271291,2.859906997,368.9471291,235534.733,277099.6859
99,60.19458995,2022/23,0,0,0.1,0,0,0,,0,0,0
100,49.71905566,2022/23,0,0,0.1,0,0,0,,0,0,0
101,63.61366927,2022/23,0,0,0.1,0,0,0,,0,0,0
102,35.93250446,2022/23,355.7218987,246.0483076,0.1,1,5462.272429,3557.218987,1.535545731,355.6418987,127791.0411,150342.4013
103,37.07810111,2022/23,291.7612667,189.1455505,0.1,1,4199.031222,2917.612667,1.439201053,291.6812667,108149.875,127235.1471
104,64.61613574,2022/23,355.3408814,243.6981498,0.1,1,5410.098926,3553.408814,1.52250957,355.2608814,229555.8533,270065.7098
105,62.39247269,2022/23,0,0,0.1,0,0,0,,0,0,0
106,64.89027087,2022/23,365.2604195,248.3311035,0.1,1,5512.950498,3652.604195,1.50932053,365.1804195,236966.5634,278784.1922
107,64.32815624,2022/23,0,0,0.1,0,0,0,,0,0,0
108,36.65693609,2022/23,360.0121137,246.8013523,0.1,1,5478.990021,3600.121137,1.521890462,359.9321137,131940.0849,155223.6293
109,36.27181097,2022/23,0,0,0.1,0,0,0,,0,0,0
110,64.41364628,2022/23,0,0,0.1,0,0,0,,0,0,0
111,35.88828365,2022/23,363.4862155,245.771995,0.1,1,5456.138289,3634.862155,1.501057827,363.4062155,130420.2534,153435.5923
112,50.73460601,2022/23,343.6993037,237.6728842,0.1,1,5276.33803,3436.993037,1.535161105,343.6193037,174333.8999,205098.7058
113,64.88182917,2022/23,0,0,0.1,0,0,0,,0,0,0
114,63.32738244,2022/23,312.9715172,214.8643262,0.1,1,4769.988042,3129.715172,1.524096532,312.8915172,198146.0077,233112.9503
115,64.93592878,2022/23,0,0,0.1,0,0,0,,0,0,0
116,66.85106456,2022/23,0,0,0.105963423,0,0,0,,0,0,0
117,38.06870885,2022/23,332.5371598,228.9001574,0.1,1,5081.583494,3325.371598,1.528125006,332.4571598,126562.1482,148896.645
118,36.93264309,2022/23,367.2099143,474.9788825,0.1,1,10544.53119,3672.099143,2.871526824,367.1299143,135590.7809,159518.5658
119,60.2556396,2022/23,0,0,0.1,0,0,0,,0,0,0
120,61.14569502,2022/23,424.9914756,542.2845695,0.1,1,12038.71744,4249.914756,2.832696215,424.9114756,259815.075,305664.7941
121,63.87730664,2022/23,0,0,0.1,0,0,0,,0,0,0
122,47.41605965,2022/23,308.904878,210.6732214,0.102889306,1,4676.945515,3089.04878,1.51404068,308.8225666,146431.4924,172272.344
123,36.73467988,2022/23,290.4241677,214.5373255,0.160900123,1,4762.728627,2904.241677,1.639921589,290.2954476,106639.1034,125457.7687
124,49.37404301,2022/23,305.2354897,225.7128697,0.21,1,5010.825708,3052.354897,1.64162618,305.0674897,150624.1535,177204.8865
125,65.04043536,2022/23,293.3497976,231.9904764,0.1,1,5150.188576,2933.497976,1.755647564,293.2697976,190743.9531,224404.6507
126,64.07452716,2022/23,225.8634812,174.7696362,0.105556314,1,3879.885923,2258.634812,1.717801347,225.7790362,144666.8499,170196.294
127,60.96759414,2022/23,497.9303161,612.2332191,0.1,1,13591.57746,4979.303161,2.729614371,497.8503161,303527.3602,357091.012
128,60.96048645,2022/23,0,0,0.1,0,0,0,,0,0,0
129,59.94254528,2022/23,0,0,0.1,0,0,0,,0,0,0
130,59.48194454,2022/23,0,0,0.1,0,0,0,,0,0,0
131,59.15535173,2022/23,0,0,0.1,0,0,0,,0,0,0
132,63.59505436,2022/23,0,0,0.1,0,0,0,,0,0,0
133,58.98463711,2022/23,0,0,0.1,0,0,0,,0,0,0
134,59.567435,2022/23,0,0,0.1,0,0,0,,0,0,0
135,60.71689993,2022/23,392.821045,313.0754202,0.1,1,6950.274328,3928.21045,1.769323313,392.741045,238460.1873,280541.3968
136,63.96653595,2022/23,0,0,0.1,0,0,0,,0,0,0
137,36.94882279,2022/23,0,0,0.1,0,0,0,,0,0,0
138,64.52079367,2022/23,0,0,0.1,0,0,0,,0,0,0
139,63.99256844,2022/23,370.6850685,424.7023884,0.1,1,9428.393022,3706.850685,2.543504938,370.6050685,237159.7021,279011.4142
140,64.49361505,2022/23,0,0,0.1,0,0,0,,0,0,0
141,64.38440821,2022/23,380.6256812,436.900312,0.1,1,9699.186926,3806.256812,2.54822189,380.5456812,245012.0848,288249.5115
142,63.787403,2022/23,358.5890336,474.5801995,0.1,1,10535.68043,3585.890336,2.938093316,358.5090336,228683.6021,269039.5318
143,64.35940624,2022/23,365.228659,488.3334806,0.1,1,10841.00327,3652.28659,2.968278366,365.148659,235007.5088,276479.4221
144,63.68650722,2022/23,0,0,0.1,0,0,0,,0,0,0
145,63.82309015,2022/23,348.1514423,436.4929258,0.1,1,9690.142953,3481.514423,2.783312598,348.0714423,222149.9504,261352.8828
146,37.01118564,2022/23,373.8049939,496.7961839,0.1,1,11028.87528,3738.049939,2.950435511,373.7249939,138320.0513,162729.4721
147,50.03259431,2022/23,370.6244484,512.3847193,0.1,1,11374.94077,3706.244484,3.069128553,370.5444484,185393.0006,218109.4125
148,65.76291244,2022/23,507.7822355,631.6527957,0.1,1,14022.69207,5077.822355,2.761556251,507.7022355,333879.7766,392799.7372
149,48.71151107,2022/23,0,0,0.1,0,0,0,,0,0,0
150,35.46312705,2022/23,307.8825255,413.4793967,0.1,1,9179.242606,3078.825255,2.981410715,307.8025255,109156.4007,128419.2949
151,37.18774901,2022/23,0,0,0.1,0,0,0,,0,0,0
152,37.48554554,2022/23,397.7468187,295.5648655,0.21,1,6561.540015,3977.468187,1.64967756,397.5788187,149034.5892,175334.8108
153,63.47522854,2022/23,283.3521679,202.1410564,0.21,1,4487.531453,2833.521679,1.583729352,283.1841679,179751.7978,211472.7033
154,64.72715306,2022/23,338.3447973,234.5240486,0.21,1,5206.43388,3383.447973,1.538795312,338.1767973,218892.2132,257520.2508
155,63.03274447,2022/23,318.3793319,218.9991016,0.21,1,4861.780056,3183.793319,1.527040096,318.2113319,200577.3357,235973.3362
156,38.07667514,2022/23,0,0,0.21,0,0,0,,0,0,0
157,50.01757579,2022/23,0,0,0.21,0,0,0,,0,0,0
158,25.16577689,2022/23,0,0,0.21,0,0,0,,0,0,0
159,50.24391393,2022/23,0,0,0.21,0,0,0,,0,0,0
160,37.16852129,2022/23,328.6334946,411.0591548,0.1,1,9125.513236,3286.334946,2.776805587,328.5534946,122118.4756,143668.7948
161,46.13155391,2022/23,301.1190751,238.7303449,0.142813102,1,5299.813657,3011.190751,1.760039165,301.0048247,138858.203,163362.5917
162,47.7325274,2022/23,262.2684308,251.1810223,0.21,1,5576.218695,2622.684308,2.12614941,262.1004308,125107.16,147184.8941
163,37.36482063,2022/23,256.6883133,228.8555711,0.160566265,1,5080.593678,2566.883133,1.979285155,256.5598602,95863.1316,112780.1548
164,45.04159687,2022/23,300.8361933,233.9776824,0.21,1,5194.30455,3008.361933,1.726622217,300.6681933,135425.7555,159324.4183
165,48.7951395,2022/23,309.2531392,240.1246733,0.21,1,5330.767748,3092.531392,1.72375542,309.0851392,150818.5249,177433.5587
0,65.0148518,2023/24,0,0,0.19,0,0,0,,0,0,0
1,50.3416763,2023/24,478.8148899,393.3259242,0.19,1,8731.835518,4788.148899,1.823634917,478.6628899,240966.9226,283490.4971
2,64.11495942,2023/24,0,0,0.19,0,0,0,,0,0,0
3,65.16100291,2023/24,0,0,0.19,0,0,0,,0,0,0
4,52.90348001,2023/24,434.8236181,319.6341625,0.19,1,7095.878407,4348.236181,1.63189811,434.6716181,229956.4126,270536.956
5,65.26255794,2023/24,454.280589,344.3572289,0.19,1,7644.730482,4542.80589,1.682821293,454.128589,296375.9336,348677.5689
6,38.30149519,2023/24,358.4459555,223.0410961,0.19,1,4951.512334,3584.459555,1.381383235,358.2939555,137231.9421,161449.3436
7,37.36954717,2023/24,465.0099034,349.7253768,0.19,1,7763.903365,4650.099034,1.669621079,464.8579034,173715.2935,204370.9335
8,50.94012546,2023/24,0,0,0.19,0,0,0,,0,0,0
9,64.41507513,2023/24,0,0,0.19,0,0,0,,0,0,0
10,65.88292586,2023/24,0,0,0.19,0,0,0,,0,0,0
11,51.88836591,2023/24,497.5573015,400.0118975,0.19,1,8880.264125,4975.573015,1.784772146,497.4053015,258095.4829,303641.7446
12,64.66598902,2023/24,511.3423155,425.050633,0.19,1,9436.124053,5113.423155,1.845363422,511.1903155,330566.2733,388901.498
13,66.45888558,2023/24,506.6571805,424.7248709,0.19,1,9428.892134,5066.571805,1.861000396,506.5051805,336617.6983,396020.8216
14,65.74872025,2023/24,0,0,0.19,0,0,0,,0,0,0
15,38.06014169,2023/24,0,0,0.19,0,0,0,,0,0,0
16,63.9587681,2023/24,424.999863,291.0801295,0.19,1,6461.978874,4249.99863,1.520466107,424.847863,271727.4595,319679.3641
17,62.79966413,2023/24,461.2377887,363.1560091,0.19,1,8062.063402,4612.377887,1.747919099,461.0857887,289560.3266,340659.2078
18,49.18683288,2023/24,470.0753165,356.6260434,0.19,1,7917.098163,4700.753165,1.684219079,469.9233165,231140.3963,271929.878
19,63.77669291,2023/24,457.503569,348.9492045,0.19,1,7746.672341,4575.03569,1.693248505,457.351569,291683.7057,343157.3008
20,62.60891416,2023/24,0,0,0.19,0,0,0,,0,0,0
21,62.28617812,2023/24,467.4743319,370.9878411,0.19,1,8235.930072,4674.743319,1.761793003,467.3223319,291077.2201,342443.7883
22,63.45488099,2023/24,429.2139904,321.1156375,0.19,1,7128.767152,4292.139904,1.660888814,429.0619904,272260.7753,320306.7945
23,63.3432119,2023/24,0,0,0.19,0,0,0,,0,0,0
24,64.40515818,2023/24,469.9891304,363.8262092,0.19,1,8076.941845,4699.891304,1.718538009,469.8371304,302599.347,355999.2318
25,34.75627068,2023/24,482.1863103,366.8506389,0.19,1,8144.084183,4821.863103,1.688991166,482.0343103,167537.1497,197102.529
26,37.34794249,2023/24,474.5651807,361.1507759,0.19,1,8017.547225,4745.651807,1.689451218,474.4131807,177183.5619,208451.2493
27,61.58773031,2023/24,424.889301,302.0146805,0.19,1,6704.725906,4248.89301,1.577993583,424.737301,261586.0635,307748.31
28,18.84882855,2023/24,458.1771574,336.7594975,0.19,1,7476.060844,4581.771574,1.631696544,458.0251574,86332.37663,101567.5019
29,62.64923786,2023/24,522.7363191,451.6360007,0.19,1,10026.31922,5227.363191,1.918045265,522.5843191,327395.0931,385170.6978
30,62.56869146,2023/24,0,0,0.19,0,0,0,,0,0,0
31,64.27068133,2023/24,0,0,0.186940857,0,0,0,,0,0,0
32,50.21280856,2023/24,445.2867841,370.1549877,0.09,1,8217.440726,4452.867841,1.845426592,445.2147841,223554.8472,263005.7026
33,64.83375202,2023/24,0,0,0.130391099,0,0,0,,0,0,0
34,63.99901747,2023/24,428.6466212,305.4427679,0.19,1,6780.829448,4286.466212,1.581915992,428.4946212,274232.3474,322626.2911
35,49.85596123,2023/24,0,0,0.19,0,0,0,,0,0,0
36,50.41790664,2023/24,0,0,0.156374012,0,0,0,,0,0,0
37,50.45592597,2023/24,0,0,0.09,0,0,0,,0,0,0
38,49.53557934,2023/24,0,0,0.09,0,0,0,,0,0,0
39,49.05310036,2023/24,0,0,0.09,0,0,0,,0,0,0
40,47.55674987,2023/24,0,0,0.139344569,0,0,0,,0,0,0
41,64.04012793,2023/24,372.7115516,247.7713882,0.09,1,5500.524819,3727.115516,1.475812809,372.6395516,238638.8456,280751.583
42,35.17081223,2023/24,0,0,0.09,0,0,0,,0,0,0
43,64.40459258,2023/24,0,0,0.09,0,0,0,,0,0,0
44,60.70273094,2023/24,421.0979813,304.6728457,0.19,1,6763.737175,4210.979813,1.606214581,420.9459813,255525.7064,300618.4781
45,49.73307878,2023/24,0,0,0.19,0,0,0,,0,0,0
46,49.245055,2023/24,0,0,0.19,0,0,0,,0,0,0
47,36.27660184,2023/24,0,0,0.19,0,0,0,,0,0,0
48,62.870891,2023/24,0,0,0.19,0,0,0,,0,0,0
49,64.49604488,2023/24,0,0,0.19,0,0,0,,0,0,0
50,63.64931877,2023/24,0,0,0.100089224,0,0,0,,0,0,0
51,64.19820521,2023/24,0,0,0.09,0,0,0,,0,0,0
52,19.79095715,2023/24,480.5466667,387.6011024,0.09,1,8604.744473,4805.466667,1.790615786,480.4746667,95090.53538,111871.2181
53,64.36478544,2023/24,0,0,0.09,0,0,0,,0,0,0
54,63.86079285,2023/24,0,0,0.09,0,0,0,,0,0,0
55,61.76188684,2023/24,413.0394456,292.0382217,0.09,1,6483.248523,4130.394456,1.569643915,412.9674456,255056.4864,300066.4546
56,64.30923392,2023/24,0,0,0.09,0,0,0,,0,0,0
57,47.45306591,2023/24,0,0,0.09,0,0,0,,0,0,0
58,34.87869821,2023/24,0,0,0.19,0,0,0,,0,0,0
59,50.79479782,2023/24,0,0,0.19,0,0,0,,0,0,0
60,49.4180298,2023/24,0,0,0.120941704,0,0,0,,0,0,0
61,62.23620892,2023/24,0,0,0.19,0,0,0,,0,0,0
62,63.62685226,2023/24,0,0,0.09,0,0,0,,0,0,0
63,64.59855014,2023/24,0,0,0.09,0,0,0,,0,0,0
64,67.17748642,2023/24,0,0,0.09,0,0,0,,0,0,0
65,60.02513068,2023/24,0,0,0.09,0,0,0,,0,0,0
66,62.90733362,2023/24,0,0,0.125244755,0,0,0,,0,0,0
67,48.87320748,2023/24,0,0,0.09,0,0,0,,0,0,0
68,62.6458772,2023/24,0,0,0.09,0,0,0,,0,0,0
69,36.28872591,2023/24,0,0,0.140559006,0,0,0,,0,0,0
70,49.27115811,2023/24,0,0,0.09,0,0,0,,0,0,0
71,61.23499562,2023/24,0,0,0.09,0,0,0,,0,0,0
72,63.05429795,2023/24,0,0,0.09,0,0,0,,0,0,0
73,35.8829039,2023/24,0,0,0.09,0,0,0,,0,0,0
74,64.26597942,2023/24,0,0,0.09,0,0,0,,0,0,0
75,64.53642991,2023/24,0,0,0.09,0,0,0,,0,0,0
76,61.37977771,2023/24,0,0,0.09,0,0,0,,0,0,0
77,37.52571147,2023/24,428.2175481,579.4900553,0.09,1,12864.67923,4282.175481,3.00423915,428.1455481,160664.663,189017.2506
78,35.95299998,2023/24,0,0,0.09,0,0,0,,0,0,0
79,49.18550887,2023/24,0,0,0.09,0,0,0,,0,0,0
80,62.03233184,2023/24,0,0,0.09,0,0,0,,0,0,0
81,61.02630943,2023/24,0,0,0.09,0,0,0,,0,0,0
82,64.2145049,2023/24,0,0,0.09,0,0,0,,0,0,0
83,36.91685806,2023/24,0,0,0.09,0,0,0,,0,0,0
84,64.94270536,2023/24,0,0,0.09,0,0,0,,0,0,0
85,65.13599986,2023/24,0,0,0.09,0,0,0,,0,0,0
86,35.87204308,2023/24,451.0688833,353.2168795,0.09,1,7841.414726,4510.688833,1.738407373,450.9968833,161781.7963,190331.525
87,62.99438139,2023/24,494.1985386,391.2447801,0.09,1,8685.634118,4941.985386,1.757519183,494.1265386,311271.9563,366202.3015
88,63.09364339,2023/24,459.6990264,340.8648491,0.09,1,7567.19965,4596.990264,1.646120443,459.6270264,289995.437,341171.1023
89,62.41568549,2023/24,0,0,0.09,0,0,0,,0,0,0
90,62.54465096,2023/24,520.491049,579.3682371,0.09,1,12861.97486,5204.91049,2.471123161,520.419049,325494.2777,382934.4443
91,34.60250047,2023/24,0,0,0.09,0,0,0,,0,0,0
92,64.73269752,2023/24,561.148952,685.5158391,0.09,1,15218.45163,5611.48952,2.712016404,561.076952,363200.2462,427294.4073
93,62.25829852,2023/24,0,0,0.09,0,0,0,,0,0,0
94,49.01983643,2023/24,0,0,0.09,0,0,0,,0,0,0
95,61.89938544,2023/24,0,0,0.09,0,0,0,,0,0,0
96,33.91509447,2023/24,0,0,0.09,0,0,0,,0,0,0
97,63.44847688,2023/24,0,0,0.09,0,0,0,,0,0,0
98,63.839698,2023/24,0,0,0.09,0,0,0,,0,0,0
99,60.19458995,2023/24,645.3298758,845.7363265,0.09,1,18775.34645,6453.298758,2.909418447,645.2578758,388410.3325,456953.3324
100,49.71905566,2023/24,411.0883617,310.3481289,0.09,1,6889.728462,4110.883617,1.675972639,411.0163617,204353.4537,240415.8278
101,63.61366927,2023/24,0,0,0.09,0,0,0,,0,0,0
102,35.93250446,2023/24,411.7186076,333.8725405,0.09,1,7411.970399,4117.186076,1.800251498,411.6466076,147914.9356,174017.5713
103,37.07810111,2023/24,454.2828258,325.002922,0.09,1,7215.064869,4542.828258,1.588231925,454.2108258,168412.7493,198132.6462
104,64.61613574,2023/24,456.3129492,350.2859736,0.09,1,7776.348613,4563.129492,1.70417005,456.2409492,294805.271,346829.7306
105,62.39247269,2023/24,0,0,0.09,0,0,0,,0,0,0
106,64.89027087,2023/24,470.2522327,364.9462612,0.09,1,8101.806998,4702.522327,1.722864121,470.1802327,305101.2266,358942.6195
107,64.32815624,2023/24,0,0,0.09,0,0,0,,0,0,0
108,36.65693609,2023/24,488.707911,382.9935303,0.09,1,8502.456372,4887.07911,1.73978284,488.635911,179118.9536,210728.1807
109,36.27181097,2023/24,546.2928928,477.1822706,0.09,1,10593.44641,5462.928928,1.939151424,546.2208928,198124.2097,233087.3055
110,64.41364628,2023/24,500.1757637,399.4069029,0.09,1,8866.833245,5001.757637,1.772743481,500.1037637,322135.0694,378982.4346
111,35.88828365,2023/24,505.0620301,408.6291466,0.09,1,9071.567055,5050.620301,1.79612929,504.9900301,181232.2544,213214.417
112,50.73460601,2023/24,479.6774587,403.8422158,0.09,1,8965.297192,4796.774587,1.869026161,479.6054587,243325.9398,286265.8116
113,64.88182917,2023/24,0,0,0.09,0,0,0,,0,0,0
114,63.32738244,2023/24,485.2011034,394.4840869,0.09,1,8757.546729,4852.011034,1.80493133,485.1291034,307219.5627,361434.7796
115,64.93592878,2023/24,0,0,0.09,0,0,0,,0,0,0
116,66.85106456,2023/24,489.5152188,394.8070451,0.09,1,8764.716401,4895.152188,1.790489052,489.4432188,327198.0022,384938.8261
117,38.06870885,2023/24,506.3523077,412.5359692,0.09,1,9158.298517,5063.523077,1.808681106,506.2803077,192734.3763,226746.3251
118,36.93264309,2023/24,652.4916769,781.2852509,0.09,1,17344.53257,6524.916769,2.658199819,652.4196769,240955.8307,283477.4479
119,60.2556396,2023/24,523.7009482,680.5280175,0.09,1,15107.72199,5237.009482,2.884799434,523.6289482,315515.9719,371195.261
120,61.14569502,2023/24,0,0,0.09,0,0,0,,0,0,0
121,63.87730664,2023/24,703.6215901,944.9525504,0.09,1,20977.94662,7036.215901,2.98142452,703.5495901,449408.529,528715.9165
122,47.41605965,2023/24,477.6752345,398.156333,0.09,1,8839.070593,4776.752345,1.850435182,477.6032345,226460.6346,266424.2759
123,36.73467988,2023/24,427.0334155,321.0604328,0.09,1,7127.541608,4270.334155,1.669082875,426.9614155,156842.9092,184521.0697
124,49.37404301,2023/24,567.5245283,510.9677547,0.09,1,11343.48415,5675.245283,1.998765443,567.4525283,280174.2554,329616.771
125,65.04043536,2023/24,338.7156545,281.1888097,0.09,1,6242.391576,3387.156545,1.842959276,338.6436545,220255.3072,259123.8908
126,64.07452716,2023/24,335.4935836,251.1822765,0.09,1,5576.246537,3354.935836,1.66210229,335.4215836,214919.7937,252846.8161
127,60.96759414,2023/24,0,0,0.09,0,0,0,,0,0,0
128,60.96048645,2023/24,688.6179137,860.8068482,0.09,1,19109.91203,6886.179137,2.775111081,688.5459137,419740.9384,493812.8687
129,59.94254528,2023/24,702.3885318,912.3041848,0.09,1,20253.1529,7023.885318,2.88346862,702.3165318,420986.4051,495278.1236
130,59.48194454,2023/24,521.2487047,582.9644056,0.29,1,12941.8098,5212.487047,2.48284738,521.0167047,309910.8673,364601.0204
131,59.15535173,2023/24,676.9931446,847.1599911,0.102816692,1,18806.9518,6769.931446,2.778012149,676.9108912,400429.0186,471092.9631
132,63.59505436,2023/24,679.9472452,880.3394725,0.261349862,1,19543.53629,6799.472452,2.874272442,679.7381653,432279.8557,508564.5361
133,58.98463711,2023/24,595.395302,716.465091,0.104168531,1,15905.52502,5953.95302,2.671422661,595.3119672,351142.6035,413108.9453
134,59.567435,2023/24,508.0761414,555.0107239,0.09,1,12321.23807,5080.761414,2.425077083,508.0041414,302605.0367,356005.9256
135,60.71689993,2023/24,0,0,0.09,0,0,0,,0,0,0
136,63.96653595,2023/24,513.06603,596.3102483,0.09,1,13238.08751,5130.6603,2.580191776,512.99403,328144.5106,386052.3654
137,36.94882279,2023/24,521.4526316,587.0582876,0.09,1,13032.69399,5214.526316,2.49930544,521.3806316,192644.0056,226640.0066
138,64.52079367,2023/24,426.3863451,450.820858,0.29,1,10008.22305,4263.863451,2.347219409,426.1543451,274958.1657,323480.1949
139,63.99256844,2023/24,0,0,0.29,0,0,0,,0,0,0
140,64.49361505,2023/24,582.0622373,773.5946597,0.29,1,17173.80144,5820.622373,2.950509472,581.8302373,375243.3535,441462.7688
141,64.38440821,2023/24,0,0,0.29,0,0,0,,0,0,0
142,63.787403,2023/24,0,0,0.285613434,0,0,0,,0,0,0
143,64.35940624,2023/24,0,0,0.121177672,0,0,0,,0,0,0
144,63.68650722,2023/24,551.336646,663.2912968,0.09,1,14725.06679,5513.36646,2.670794132,551.264646,351081.1985,413036.7042
145,63.82309015,2023/24,586.1414148,719.3882418,0.09,1,15970.41897,5861.414148,2.724669945,586.0694148,374047.6109,440056.0129
146,37.01118564,2023/24,0,0,0.09,0,0,0,,0,0,0
147,50.03259431,2023/24,0,0,0.09,0,0,0,,0,0,0
148,65.76291244,2023/24,0,0,0.09,0,0,0,,0,0,0
149,48.71151107,2023/24,717.2254098,956.3059299,0.09,1,21229.99164,7172.254098,2.960016663,717.1534098,349336.2626,410983.8384
150,35.46312705,2023/24,0,0,0.09,0,0,0,,0,0,0
151,37.18774901,2023/24,640.1430303,807.9095467,0.09,1,17935.59194,6401.430303,2.801810078,640.0710303,238028.0083,280032.9509
152,37.48554554,2023/24,518.2266507,413.3304694,0.09,1,9175.93642,5182.266507,1.770641554,518.1546507,194233.0975,228509.5265
153,63.47522854,2023/24,485.118307,418.0317103,0.09,1,9280.303968,4851.18307,1.912998094,485.046307,307884.2519,362216.7669
154,64.72715306,2023/24,509.4043243,387.2771493,0.09,1,8597.552715,5094.043243,1.687765946,509.3323243,329676.3131,387854.4861
155,63.03274447,2023/24,493.7063326,376.9857439,0.09,1,8369.083515,4937.063326,1.695154176,493.6343326,311151.2675,366060.3147
156,38.07667514,2023/24,428.1770686,314.8141324,0.09,1,6988.873739,4281.770686,1.632239149,428.1050686,163008.1762,191774.3249
157,50.01757579,2023/24,459.2769912,364.6023637,0.09,1,8094.172475,4592.769912,1.762372736,459.2049912,229683.2045,270215.5347
158,25.16577689,2023/24,451.7779412,348.0202996,0.09,1,7726.050652,4517.779412,1.710143402,451.7059412,113675.3094,133735.6581
159,50.24391393,2023/24,473.7664613,370.8851769,0.09,1,8233.650928,4737.664613,1.737913424,473.6944613,238002.6374,280003.1029
160,37.16852129,2023/24,693.4048368,931.1621971,0.09,1,20671.80078,6934.048368,2.981202276,693.3328368,257701.563,303178.3095
161,46.13155391,2023/24,0,0,0.09,0,0,0,,0,0,0
162,47.7325274,2023/24,0,0,0.09,0,0,0,,0,0,0
163,37.36482063,2023/24,0,0,0.09,0,0,0,,0,0,0
164,45.04159687,2023/24,0,0,0.09,0,0,0,,0,0,0
165,48.7951395,2023/24,0,0,0.09,0,0,0,,0,0,0
0,65.0148518,2024/25,498.7179987,430.4298885,0.2,1,9555.543525,4987.179987,1.916021389,498.5579987,324136.744,381337.3459
1,50.3416763,2024/25,356.9967401,243.8193612,0.2,1,5412.789819,3569.967401,1.51620147,356.8367401,179637.5966,211338.3489
2,64.11495942,2024/25,487.3874743,411.3750719,0.2,1,9132.526595,4873.874743,1.873771296,487.2274743,312385.6974,367512.5852
3,65.16100291,2024/25,415.4149664,335.7714664,0.2,1,7454.126555,4154.149664,1.794380838,415.2549664,270584.3008,318334.4715
4,52.90348001,2024/25,0,0,0.2,0,0,0,,0,0,0
5,65.26255794,2024/25,455.2597724,384.6793849,0.2,1,8539.882344,4552.597724,1.875826256,455.0997724,297009.7527,349423.2384
6,38.30149519,2024/25,0,0,0.2,0,0,0,,0,0,0
7,37.36954717,2024/25,515.3669082,445.4730314,0.2,1,9889.501297,5153.669082,1.918924389,515.2069082,192530.4886,226506.4572
8,50.94012546,2024/25,491.045866,400.9405265,0.2,1,8900.879689,4910.45866,1.812637129,490.885866,250057.876,294185.7365
9,64.41507513,2024/25,354.9825289,235.9680986,0.2,1,5238.491788,3549.825289,1.475704116,354.8225289,228559.1986,268893.1748
10,65.88292586,2024/25,439.7909031,351.8802118,0.2,1,7811.740702,4397.909031,1.776239719,439.6309031,289641.7019,340754.9434
11,51.88836591,2024/25,438.895474,319.4134774,0.2,1,7090.979198,4388.95474,1.615641905,438.735474,227652.6681,267826.6684
12,64.66598902,2024/25,357.0390657,242.1216405,0.2,1,5375.100419,3570.390657,1.50546563,356.8790657,230779.3774,271505.1499
13,66.45888558,2024/25,317.6653491,198.1202582,0.2,1,4398.269733,3176.653491,1.384560748,317.5053491,211010.5167,248247.6667
14,65.74872025,2024/25,0,0,0.2,0,0,0,,0,0,0
15,38.06014169,2024/25,0,0,0.2,0,0,0,,0,0,0
16,63.9587681,2024/25,0,0,0.2,0,0,0,,0,0,0
17,62.79966413,2024/25,466.9468859,381.757739,0.2,1,8475.021805,4669.468859,1.814986257,466.7868859,293140.5966,344871.2901
18,49.18683288,2024/25,514.9415009,439.7254828,0.2,1,9761.905719,5149.415009,1.895731011,514.7815009,253204.7166,297887.9018
19,63.77669291,2024/25,450.4146877,357.1419067,0.2,1,7928.550328,4504.146877,1.760277927,450.2546877,287157.5495,337832.4112
20,62.60891416,2024/25,0,0,0.122408964,0,0,0,,0,0,0
21,62.28617812,2024/25,0,0,0.1,0,0,0,,0,0,0
22,63.45488099,2024/25,313.9801516,194.0524624,0.132460372,1,4307.964666,3139.801516,1.372049999,313.8741833,199168.4895,234315.87
23,63.3432119,2024/25,468.6662983,378.9863177,0.171616022,1,8413.496252,4686.662983,1.795199758,468.5290055,296781.3208,349154.495
24,64.40515818,2024/25,411.7949049,293.3004348,0.2,1,6511.269652,4117.949049,1.581192379,411.6349049,265114.1116,311898.9548
25,34.75627068,2024/25,487.8112125,411.3062334,0.129595828,1,9130.998381,4878.112125,1.871830361,487.7075359,169508.9513,199422.2957
26,37.34794249,2024/25,493.4987952,426.2895036,0.1,1,9463.62698,4934.987952,1.917659592,493.4187952,184281.7678,216802.0798
27,61.58773031,2024/25,0,0,0.185378031,0,0,0,,0,0,0
28,18.84882855,2024/25,388.3774112,309.5832513,0.1,1,6872.748178,3883.774112,1.769605538,388.2974112,73189.5133,86105.30976
29,62.64923786,2024/25,359.1221833,232.4138321,0.1,1,5159.587072,3591.221833,1.436721904,359.0421833,224937.1915,264631.99
30,62.56869146,2024/25,0,0,0.1,0,0,0,,0,0,0
31,64.27068133,2024/25,0,0,0.1,0,0,0,,0,0,0
32,50.21280856,2024/25,467.3002643,418.5379674,0.1,1,9291.542876,4673.002643,1.988345307,467.2202643,234604.4169,276005.1963
33,64.83375202,2024/25,356.0055968,238.5846952,0.1,1,5296.580234,3560.055968,1.487780047,355.9255968,230759.9188,271482.2574
34,63.99901747,2024/25,329.4164505,214.3284464,0.1,1,4758.09151,3294.164505,1.444400091,329.3364505,210772.0925,247967.1676
35,49.85596123,2024/25,322.9335409,228.8687571,0.1,1,5080.886408,3229.335409,1.573353574,322.8535409,160961.7362,189366.7485
36,50.41790664,2024/25,0,0,0.066374012,0,0,0,,0,0,0
37,50.45592597,2024/25,0,0,0,0,0,0,,0,0,0
38,49.53557934,2024/25,0,0,0,0,0,0,,0,0,0
39,49.05310036,2024/25,351.3591562,237.2018815,0,1,5265.881769,3513.591562,1.498717673,351.3591562,172352.5595,202767.7171
40,47.55674987,2024/25,325.0492509,251.0049017,0,1,5572.308817,3250.492509,1.714296772,325.0492509,154582.8592,181862.1873
41,64.04012793,2024/25,0,0,0.1,0,0,0,,0,0,0
42,35.17081223,2024/25,486.2458065,395.2865226,0.1,1,8775.360801,4862.458065,1.804717014,486.1658065,170988.4629,201162.8976
43,64.40459258,2024/25,580.7415929,718.4044956,0.1,1,15948.5798,5807.415929,2.746243768,580.6615929,373972.7332,439967.9214
44,60.70273094,2024/25,0,0,0.1,0,0,0,,0,0,0
45,49.73307878,2024/25,0,0,0.1,0,0,0,,0,0,0
46,49.245055,2024/25,439.6856109,498.1192317,0.1,1,11058.24694,4396.856109,2.515034986,439.6056109,216484.0248,254687.088
47,36.27660184,2024/25,522.0941975,442.9035173,0.1,1,9832.458084,5220.941975,1.883272814,522.0141975,189369.012,222787.0729
48,62.870891,2024/25,0,0,0.1,0,0,0,,0,0,0
49,64.49604488,2024/25,0,0,0.1,0,0,0,,0,0,0
50,63.64931877,2024/25,449.1004804,334.1780645,0.1,1,7418.753032,4491.004804,1.651913849,449.0204804,285798.4769,336233.5023
51,64.19820521,2024/25,266.0030738,176.2988764,0.1,1,3913.835055,2660.030738,1.47134956,265.9230738,170717.8406,200844.5184
52,19.79095715,2024/25,0,0,0.1,0,0,0,,0,0,0
53,64.36478544,2024/25,0,0,0.1,0,0,0,,0,0,0
54,63.86079285,2024/25,0,0,0.1,0,0,0,,0,0,0
55,61.76188684,2024/25,0,0,0.1,0,0,0,,0,0,0
56,64.30923392,2024/25,614.873347,835.4227798,0.1,1,18546.38571,6148.73347,3.016293649,614.793347,395368.8916,465139.8725
57,47.45306591,2024/25,0,0,0,0,0,0,,0,0,0
58,34.87869821,2024/25,0,0,0,0,0,0,,0,0,0
59,50.79479782,2024/25,445.2215035,353.8891425,0,1,7856.338963,4452.215035,1.764591086,445.2215035,226149.3625,266058.0736
60,49.4180298,2024/25,509.201435,428.9629103,0.069058296,1,9522.976609,5092.01435,1.870178667,509.1461883,251610.0151,296011.7824
61,62.23620892,2024/25,0,0,0,0,0,0,,0,0,0
62,63.62685226,2024/25,0,0,0.1,0,0,0,,0,0,0
63,64.59855014,2024/25,0,0,0.1,0,0,0,,0,0,0
64,67.17748642,2024/25,0,0,0.1,0,0,0,,0,0,0
65,60.02513068,2024/25,296.0526045,226.7844916,0.1,1,5034.615713,2960.526045,1.700581463,295.9726045,177657.9427,209009.3443
66,62.90733362,2024/25,0,0,0.1,0,0,0,,0,0,0
67,48.87320748,2024/25,471.0682727,356.2916436,0.1,1,7909.674489,4710.682727,1.67909302,470.9882727,230187.0758,270808.3244
68,62.6458772,2024/25,476.804682,355.4136136,0.1,1,7890.182221,4768.04682,1.654803847,476.724682,298648.3589,351351.0105
69,36.28872591,2024/25,440.9775155,505.4454199,0.050559006,1,11220.88832,4409.775155,2.544548855,440.9370683,160010.4442,188247.5814
70,49.27115811,2024/25,463.4469738,354.454617,0.068925023,1,7868.892497,4634.469738,1.697905681,463.3918338,228318.5231,268610.0272
71,61.23499562,2024/25,444.086145,320.1831938,0.098636037,1,7108.066903,4440.86145,1.600605419,444.0072362,271887.8116,319868.0137
72,63.05429795,2024/25,380.7762465,295.9622735,0.1,1,6570.362473,3807.762465,1.725517947,380.6962465,240045.3456,282406.2889
73,35.8829039,2024/25,473.0848371,354.23399,0.033709273,1,7863.994577,4730.848371,1.662279989,473.0578697,169746.9007,199702.2362
74,64.26597942,2024/25,0,0,0,0,0,0,,0,0,0
75,64.53642991,2024/25,440.1462322,488.1434284,0,1,10836.78411,4401.462322,2.462087215,440.1462322,284054.6646,334181.9584
76,61.37977771,2024/25,0,0,0,0,0,0,,0,0,0
77,37.52571147,2024/25,473.1387019,524.7226947,0,1,11648.84382,4731.387019,2.462035715,473.1387019,177548.6641,208880.7813
78,35.95299998,2024/25,459.3675914,541.7629079,0,1,12027.13656,4593.675914,2.6181944,459.3675914,165156.4301,194301.6824
79,49.18550887,2024/25,515.9559964,594.0799324,0,1,13188.5745,5159.559964,2.556143274,515.9559964,253775.5824,298559.5087
80,62.03233184,2024/25,497.8033286,558.2619108,0,1,12393.41442,4978.033286,2.489620641,497.8033286,308799.0127,363292.9561
81,61.02630943,2024/25,0,0,0.1,0,0,0,,0,0,0
82,64.2145049,2024/25,342.0556314,214.1641515,0.02443686,1,4754.444164,3420.556314,1.389962254,342.0360819,219636.7766,258396.2077
83,36.91685806,2024/25,0,0,0.052380952,0,0,0,,0,0,0
84,64.94270536,2024/25,346.5532572,221.2635514,0,1,4912.050841,3465.532572,1.417401435,346.5532572,225061.0607,264777.7185
85,65.13599986,2024/25,345.8813172,221.4590853,0,1,4916.391695,3458.813172,1.421410018,345.8813172,225293.2543,265050.8874
86,35.87204308,2024/25,543.8883312,473.1533137,0,1,10504.00356,5438.883312,1.931279448,543.8883312,195103.8565,229533.9488
87,62.99438139,2024/25,0,0,0,0,0,0,,0,0,0
88,63.09364339,2024/25,0,0,0,0,0,0,,0,0,0
89,62.41568549,2024/25,491.0407978,551.354154,0,1,12240.06222,4910.407978,2.492677243,491.0407978,306486.48,360572.3294
90,62.54465096,2024/25,466.5104895,497.9652881,0,1,11054.8294,4665.104895,2.369685065,466.5104895,291777.3574,343267.4792
91,34.60250047,2024/25,519.3843137,619.9933124,0,1,13763.85154,5193.843137,2.650032196,519.3843137,179719.9596,211435.2466
92,64.73269752,2024/25,457.5811359,501.4856004,0,1,11132.98033,4575.811359,2.433006839,457.5811359,296204.6126,348476.0148
93,62.25829852,2024/25,504.9820675,587.7623411,0,1,13048.32397,5049.820675,2.583918284,504.9820675,314393.2431,369874.4036
94,49.01983643,2024/25,447.0580995,349.271267,0,1,7753.822127,4470.580995,1.73441039,447.0580995,219147.1492,257820.1755
95,61.89938544,2024/25,479.6858457,423.7351762,0,1,9406.920912,4796.858457,1.96105868,479.6858457,296922.5905,349320.6948
96,33.91509447,2024/25,467.0394385,550.3838382,0,1,12218.52121,4670.394385,2.616164761,467.0394385,158396.8668,186349.2551
97,63.44847688,2024/25,556.8088843,680.664385,0,1,15110.74935,5568.088843,2.713812544,556.8088843,353286.7562,415631.4779
98,63.839698,2024/25,514.8883929,626.4203757,0,1,13906.53234,5148.883929,2.700882858,514.8883929,328703.1951,386709.6412
99,60.19458995,2024/25,0,0,0,0,0,0,,0,0,0
100,49.71905566,2024/25,340.9067144,279.4214261,0,1,6203.15566,3409.067144,1.819605012,340.9067144,169495.5991,199406.5872
101,63.61366927,2024/25,511.2971034,428.2944159,0,1,9508.136032,5112.971034,1.859610776,511.2971034,325254.8484,382652.7628
102,35.93250446,2024/25,444.6416456,329.0481152,0,1,7304.868157,4446.416456,1.642866391,444.6416456,159770.8791,187965.7401
103,37.07810111,2024/25,394.6612667,336.9939951,0,1,7481.266692,3946.612667,1.895617159,394.6612667,146332.9035,172156.3571
104,64.61613574,2024/25,364.103661,285.9457064,0,1,6347.994683,3641.03661,1.743458076,364.103661,235269.7158,276787.901
105,62.39247269,2024/25,403.361614,275.2345691,0,1,6110.207435,4033.61614,1.514821248,403.361614,251667.2849,296079.1587
106,64.89027087,2024/25,396.912111,315.4610047,0,1,7003.234305,3969.12111,1.764429482,396.912111,257557.3439,303008.6399
107,64.32815624,2024/25,411.6386503,282.0251002,0,1,6260.957225,4116.386503,1.520983809,411.6386503,264799.5541,311528.8872
108,36.65693609,2024/25,398.1307787,330.2294129,0,1,7331.092965,3981.307787,1.841378099,398.1307787,145942.5451,171697.1119
109,36.27181097,2024/25,551.765212,482.0135499,0,1,10700.70081,5517.65212,1.939357643,551.765212,200135.2347,235453.2173
110,64.41364628,2024/25,557.4511202,512.5010462,0,1,11377.52322,5574.511202,2.040990288,557.4511202,359074.5927,422440.6973
111,35.88828365,2024/25,0,0,0,0,0,0,,0,0,0
112,50.73460601,2024/25,0,0,0,0,0,0,,0,0,0
113,64.88182917,2024/25,537.7570175,458.7227308,0,1,10183.64462,5377.570175,1.893726031,537.7570175,348906.5895,410478.3406
114,63.32738244,2024/25,0,0,0,0,0,0,,0,0,0
115,64.93592878,2024/25,380.5896831,257.216559,0,1,5710.20761,3805.896831,1.500357961,380.5896831,247139.4456,290752.2889
116,66.85106456,2024/25,452.1839321,335.5102338,0.005421293,1,7448.327191,4521.839321,1.647189708,452.179595,302286.873,355631.6153
117,38.06870885,2024/25,392.4878107,337.4955905,0,1,7492.40211,3924.878107,1.908951541,392.4878107,149415.0419,175782.4023
118,36.93264309,2024/25,0,0,0,0,0,0,,0,0,0
119,60.2556396,2024/25,0,0,0,0,0,0,,0,0,0
120,61.14569502,2024/25,537.6864613,675.38174,0,1,14993.47463,5376.864613,2.788516302,537.6864613,328772.1238,386790.7339
121,63.87730664,2024/25,466.7139136,525.6747121,0,1,11669.97861,4667.139136,2.500456547,466.7139136,298124.2777,350734.4444
122,47.41605965,2024/25,520.3777674,444.1869503,0.002626642,1,9860.950296,5203.777674,1.894959953,520.375666,246741.6362,290284.2779
123,36.73467988,2024/25,0,0,0.055363748,0,0,0,,0,0,0
124,49.37404301,2024/25,311.8955076,241.4268868,0.1,1,5359.676887,3118.955076,1.718420675,311.8155076,153955.9228,181124.6151
125,65.04043536,2024/25,0,0,0,0,0,0,,0,0,0
126,64.07452716,2024/25,0,0,0.005051195,0,0,0,,0,0,0
127,60.96759414,2024/25,0,0,0,0,0,0,,0,0,0
128,60.96048645,2024/25,0,0,0,0,0,0,,0,0,0
129,59.94254528,2024/25,590.2461651,747.0344974,0,1,16584.16584,5902.461651,2.809703277,590.2461651,353808.5748,416245.3821
130,59.48194454,2024/25,0,0,0,0,0,0,,0,0,0
131,59.15535173,2024/25,0,0,0,0,0,0,,0,0,0
132,63.59505436,2024/25,0,0,0,0,0,0,,0,0,0
133,58.98463711,2024/25,0,0,0,0,0,0,,0,0,0
134,59.567435,2024/25,0,0,0,0,0,0,,0,0,0
135,60.71689993,2024/25,0,0,0,0,0,0,,0,0,0
136,63.96653595,2024/25,0,0,0,0,0,0,,0,0,0
137,36.94882279,2024/25,445.8505508,531.0478103,0,1,11789.26139,4458.505508,2.644218195,445.8505508,164736.5299,193807.6823
138,64.52079367,2024/25,0,0,0,0,0,0,,0,0,0
139,63.99256844,2024/25,494.7262329,585.6642377,0,1,13001.74608,4947.262329,2.628068862,494.7262329,316588.0232,372456.4978
140,64.49361505,2024/25,0,0,0,0,0,0,,0,0,0
141,64.38440821,2024/25,484.3085831,561.6928481,0,1,12469.58123,4843.085831,2.574718199,484.3085831,311819.2151,366846.1354
142,63.787403,2024/25,531.2358465,643.3512851,0,1,14282.39853,5312.358465,2.688523115,531.2358465,338861.5503,398660.6474
143,64.35940624,2024/25,517.2993873,623.4437012,0,1,13840.45017,5172.993873,2.675520309,517.2993873,332930.8142,391683.3108
144,63.68650722,2024/25,0,0,0,0,0,0,,0,0,0
145,63.82309015,2024/25,504.7052885,589.3843166,0,1,13084.33183,5047.052885,2.59246973,504.7052885,322118.5112,378962.9544
146,37.01118564,2024/25,0,0,0,0,0,0,,0,0,0
147,50.03259431,2024/25,0,0,0,0,0,0,,0,0,0
148,65.76291244,2024/25,543.7448436,634.2829807,0,1,14081.08217,5437.448436,2.589648865,543.7448436,357582.4454,420685.2299
149,48.71151107,2024/25,551.5773224,639.6511284,0,1,14200.25505,5515.773224,2.574481306,551.5773224,268681.6485,316096.057
150,35.46312705,2024/25,564.4725765,681.6636186,0,1,15132.93233,5644.725765,2.680897702,564.4725765,200179.627,235505.4435
151,37.18774901,2024/25,595.7066667,747.5977612,0,1,16596.6703,5957.066667,2.786047434,595.7066667,221529.9001,260623.4118
152,37.48554554,2024/25,0,0,0.1,0,0,0,,0,0,0
153,63.47522854,2024/25,0,0,0.1,0,0,0,,0,0,0
154,64.72715306,2024/25,305.7437838,233.4830176,0.1,1,5183.32299,3057.437838,1.695315903,305.6637838,197847.4652,232761.7237
155,63.03274447,2024/25,0,0,0.1,0,0,0,,0,0,0
156,38.07667514,2024/25,0,0,0.1,0,0,0,,0,0,0
157,50.01757579,2024/25,482.4683186,377.6055549,0.1,1,8382.843318,4824.683186,1.737490939,482.3883186,241278.9428,283857.5798
158,25.16577689,2024/25,400.8080882,285.8853199,0.1,1,6346.654101,4008.080882,1.583464577,400.7280882,100846.3366,118642.749
159,50.24391393,2024/25,395.059243,280.7790528,0.1,1,6233.294973,3950.59243,1.577812716,394.979243,198453.0309,233474.154
160,37.16852129,2024/25,579.3899637,714.3081548,0,1,15857.64104,5793.899637,2.736954733,579.3899637,215350.682,253353.7436
161,46.13155391,2024/25,0,0,0.038921002,0,0,0,,0,0,0
162,47.7325274,2024/25,0,0,0.1,0,0,0,,0,0,0
163,37.36482063,2024/25,0,0,0.055060241,0,0,0,,0,0,0
164,45.04159687,2024/25,0,0,0.1,0,0,0,,0,0,0
165,48.7951395,2024/25,0,0,0.1,0,0,0,,0,0,0
